{"count":1,"self":20.9978992,"total":21.192362,"children":{"AgentResetIfDone":{"count":889,"self":0.043816,"total":0.043816,"children":null},"AgentSendState":{"count":889,"self":0.051051,"total":0.073321,"children":{"CollectObservations":{"count":889,"self":0.022269999999999998,"total":0.022269999999999998,"children":null}}},"DecideAction":{"count":889,"self":0.028332,"total":0.028332,"children":null},"AcademyStep":{"count":889,"self":0.022424,"total":0.022424,"children":null},"AgentAct":{"count":889,"self":0.025039,"total":0.025039,"children":null}}}